{"cameraMode":{"drawMode":0,"name":"Shaded","section":"Shading Mode"},"sceneLighting":true,"audioPlay":false,"sceneViewState":{"m_AlwaysRefresh":false,"showFog":true,"showSkybox":true,"showFlares":true,"showImageEffects":true,"showParticleSystems":true,"showVisualEffectGraphs":true,"m_FxEnabled":true},"in2DMode":false,"pivot":{"x":18.667593002319337,"y":90.23578643798828,"z":145.54893493652345},"rotation":{"x":-0.0013915211893618107,"y":-0.9902165532112122,"z":0.139352947473526,"w":-0.010115374810993672},"size":3.9000165462493898,"orthographic":false}