{"cameraMode":{"drawMode":0,"name":"Shaded","section":"Shading Mode"},"sceneLighting":false,"audioPlay":false,"sceneViewState":{"m_AlwaysRefresh":false,"showFog":true,"showSkybox":false,"showFlares":true,"showImageEffects":true,"showParticleSystems":true,"showVisualEffectGraphs":true,"m_FxEnabled":true},"in2DMode":false,"pivot":{"x":0.000040601007640361786,"y":-1.909211277961731e-8,"z":0.00002249958924949169},"rotation":{"x":0.021991565823554994,"y":-0.4256552755832672,"z":0.010355889797210694,"w":0.9045667052268982},"size":0.00785593781620264,"orthographic":false}